"Sr. No.","Work Category","Work","State","IDA","Work Description","Hon'ble Members of Parliament","Constituency","Image","Completion Date","Amount Disbursed ( ₹ )"
"1","Normal/Others","WS/MP490/2024-2025/187611-Construction of roads, link roads, pathways or any other road with or without drainage system","Uttar Pradesh","VARANASI(DISTRICT MAGISTRAE VARANASI_IDA)","Interlocking work in Gram Sabha Veersinghpur from Shyam Sundar Pathaks house to Ranju Upadhyays house. Length 55 m.","Shri Narendra Modi","VARANASI","Images","24-Sep-2025","255871"
"2","Normal/Others","WS/MP490/2024-2025/187610-Construction of roads, link roads, pathways or any other road with or without drainage system","Uttar Pradesh","VARANASI(DISTRICT MAGISTRAE VARANASI_IDA)","Interlocking work in Sihorawa from Musahar Basti to Dineshs house in Village. Length 100 m.","Shri Narendra Modi","VARANASI","Images","29-Sep-2025","434482"
"3","Normal/Others","WS/MP490/2024-2025/187609-Construction of roads, link roads, pathways or any other road with or without drainage system","Uttar Pradesh","VARANASI(DISTRICT MAGISTRAE VARANASI_IDA)","Interlocking work in Gram Sabha Jayapur from Babu Lal Guptas house to Prabhu Vishwakarmas house. Length 50 m.","Shri Narendra Modi","VARANASI","Images","21-Jul-2025","241921"
"4","Normal/Others","WS/MP490/2024-2025/187582-Construction of roads, link roads, pathways or any other road with or without drainage system","Uttar Pradesh","VARANASI(DISTRICT MAGISTRAE VARANASI_IDA)","Interlocking in Gram sabha Jogapur from Kallu Netas house to Bachchas garden. Length 140 m.","Shri Narendra Modi","VARANASI","Images","24-Sep-2025","710184"
"5","Normal/Others","WS/MP490/2024-2025/187574-Construction of roads, link roads, pathways or any other road with or without drainage system","Uttar Pradesh","VARANASI(DISTRICT MAGISTRAE VARANASI_IDA)","Interlocking in Village Sabha Khemai Pur from near Nathu Pals house to near Nahra. Length 70 m.","Shri Narendra Modi","VARANASI","Images","19-Dec-2025","442867"
"6","Normal/Others","WS/MP490/2024-2025/187573-Construction of roads, link roads, pathways or any other road with or without drainage system","Uttar Pradesh","VARANASI(DISTRICT MAGISTRAE VARANASI_IDA)","Interlocking work in Gram Sabha Sattanpur Khamouna from Chhotelal Rajbhars farmland house to Shri Nehru UMV. Length 210 m.","Shri Narendra Modi","VARANASI","Images","01-Dec-2025","741307"
"7","Normal/Others","WS/MP490/2024-2025/187571-Construction of roads, link roads, pathways or any other road with or without drainage system","Uttar Pradesh","VARANASI(DISTRICT MAGISTRAE VARANASI_IDA)","Road work in Gram Sabha Akedaga (Khargupur) from Vijay Shankar Mishras house to Shiv Mandir. Length 160 m.","Shri Narendra Modi","VARANASI","Images","18-Jul-2026","575041"
"8","Normal/Others","WS/MP490/2024-2025/187570-Construction of roads, link roads, pathways or any other road with or without drainage system","Uttar Pradesh","VARANASI(DISTRICT MAGISTRAE VARANASI_IDA)","Interlocking Village Hathi Dih from Pappu Singhs house to Fajihat Singhs house in. Length 60 m.","Shri Narendra Modi","VARANASI","Images","29-Dec-2025","219584"
"9","Normal/Others","WS/MP490/2024-2025/187568-Construction of roads, link roads, pathways or any other road with or without drainage system","Uttar Pradesh","VARANASI(DISTRICT MAGISTRAE VARANASI_IDA)","Interlocking work in Gram Sabha Bara Dih from Babus house to Avadhesh Rajbhars house in Baradih. Length 150 m.","Shri Narendra Modi","VARANASI","Images","17-Oct-2025","599930"
"10","Normal/Others","WS/MP490/2024-2025/187564-Construction of roads, link roads, pathways or any other road with or without drainage system","Uttar Pradesh","VARANASI(DISTRICT MAGISTRAE VARANASI_IDA)","Interlocking from Rasipur Gond Basti to Ramesh Singhs Sandeep Kannaujiyas house. Length 152 m.","Shri Narendra Modi","VARANASI","Images","19-Dec-2025","609442"
"11","Normal/Others","WS/MP490/2024-2025/187562-Construction of roads, link roads, pathways or any other road with or without drainage system","Uttar Pradesh","VARANASI(DISTRICT MAGISTRAE VARANASI_IDA)","Interlocking work in Gram Sabha Ganeshpur from canal pitch road to Moni Rajs house. Length 105 m.","Shri Narendra Modi","VARANASI","Images","29-Dec-2025","421159"
"12","Normal/Others","WS/MP490/2024-2025/187560-Construction of roads, link roads, pathways or any other road with or without drainage system","Uttar Pradesh","VARANASI(DISTRICT MAGISTRAE VARANASI_IDA)","Interlocking work in Gram Sabha Parmanandpur from Anokha Lals house to the pitch road near Chaurasi Ravidas Park near Khandja. Length 195 m.","Shri Narendra Modi","VARANASI","Images","17-Oct-2025","824406"
"13","Normal/Others","WS/MP490/2024-2025/187559-Construction of roads, link roads, pathways or any other road with or without drainage system","Uttar Pradesh","VARANASI(DISTRICT MAGISTRAE VARANASI_IDA)","Interlocking work in Gram Sabha Harsos from Vikram Patels old house to Ram Snehis house. Length 93 m.","Shri Narendra Modi","VARANASI","Images","29-Dec-2025","307868"
"14","Normal/Others","WS/MP490/2024-2025/187557-Construction of roads, link roads, pathways or any other road with or without drainage system","Uttar Pradesh","VARANASI(DISTRICT MAGISTRAE VARANASI_IDA)","Interlocking work in Gram Sabha Jansa from Jingle Bhagats house to near Shyam Sundar Patels house.Length 135 m.","Shri Narendra Modi","VARANASI","Images","29-Dec-2025","504189"
"15","Normal/Others","WS/MP490/2024-2025/187556-Construction of roads, link roads, pathways or any other road with or without drainage system","Uttar Pradesh","VARANASI(DISTRICT MAGISTRAE VARANASI_IDA)","Interlocking work in Gram Sabha Jansa from RCC road near Kamleshwar Mauryas house to near Surya Mauryas house. Length 46 m.","Shri Narendra Modi","VARANASI","Images","17-Oct-2025","195178"
"16","Normal/Others","WS/MP490/2024-2025/187555-Construction of roads, link roads, pathways or any other road with or without drainage system","Uttar Pradesh","VARANASI(DISTRICT MAGISTRAE VARANASI_IDA)","Interlocking work in Gram Sabha Arjunpur from Amresh Patels door to Hanuman jis temple. Length 100 m.","Shri Narendra Modi","VARANASI","Images","21-Jul-2025","390647"
"17","Normal/Others","WS/MP490/2024-2025/187554-Construction of roads, link roads, pathways or any other road with or without drainage system","Uttar Pradesh","VARANASI(DISTRICT MAGISTRAE VARANASI_IDA)","Interlocking in Gram Sabha Bhishmapur by connecting road from Ilaka Singhs garden to Santosh Singhs door. Length 62 m.","Shri Narendra Modi","VARANASI","Images","01-Dec-2025","302099"
"18","Normal/Others","WS/MP490/2024-2025/187553-Construction of roads, link roads, pathways or any other road with or without drainage system","Uttar Pradesh","VARANASI(DISTRICT MAGISTRAE VARANASI_IDA)","Interlocking in Village Sabha Belwa from the government tube well to the house of Tega Chauhan (Chauhan Basti link road). Length 155 m.","Shri Narendra Modi","VARANASI","Images","13-Aug-2025","611175"
"19","Normal/Others","WS/MP490/2024-2025/187552-Construction of roads, link roads, pathways or any other road with or without drainage system","Uttar Pradesh","VARANASI(DISTRICT MAGISTRAE VARANASI_IDA)","Interlocking in Village Sabha Leduai from Lalpur Chatti Bhishmapur link road to Durga Mata temple. Length 62.50 m.","Shri Narendra Modi","VARANASI","Images","16-Oct-2025","323426"
"20","Normal/Others","WS/MP490/2024-2025/187551-Construction of roads, link roads, pathways or any other road with or without drainage system","Uttar Pradesh","VARANASI(DISTRICT MAGISTRAE VARANASI_IDA)","Interlocking in Gram Sabha Ramdih from Arjunpur pitch road to the house of Darbari Patel. Length 93 m.","Shri Narendra Modi","VARANASI","Images","27-Sep-2025","459006"
"21","Normal/Others","WS/MP490/2024-2025/187550-Construction of roads, link roads, pathways or any other road with or without drainage system","Uttar Pradesh","VARANASI(DISTRICT MAGISTRAE VARANASI_IDA)","Interlocking work in Gram Sabha Nibhani from Kapsethi-Kachhwa road to Nevada sampark road to Srivastava Basti. Length 80 m.","Shri Narendra Modi","VARANASI","Images","08-Jul-2025","362968"
"22","Normal/Others","WS/MP490/2024-2025/187549-Construction of roads, link roads, pathways or any other road with or without drainage system","Uttar Pradesh","VARANASI(DISTRICT MAGISTRAE VARANASI_IDA)","Interlocking from the house of Brahmaprasad of Brahmin Basti of Village Sabha Jogapur to the house of Pankaj Mishra  Kotedar. Length 30 m.","Shri Narendra Modi","VARANASI","Images","24-Sep-2025","105146"
"23","Normal/Others","WS/MP490/2024-2025/187548-Construction of roads, link roads, pathways or any other road with or without drainage system","Uttar Pradesh","VARANASI(DISTRICT MAGISTRAE VARANASI_IDA)","Interlocking from the Pahi of Harilal God of Village Sabha Chhateri Manapur to the house of Kapil Dev Tiwari (link road). Length 65 m","Shri Narendra Modi","VARANASI","Images","01-Dec-2025","234372"
"24","Normal/Others","WS/MP490/2024-2025/187228-Construction of roads, link roads, pathways or any other road with or without drainage system","Uttar Pradesh","VARANASI(DISTRICT MAGISTRAE VARANASI_IDA)","Interlocking work In Loco Chittupur ward no. 07, from house no. C 33-281 late Chhedi Maurya till house no. C 33-287 Nagendra Prasad Singh jis house, length 43.70 m","Shri Narendra Modi","VARANASI","Images","29-Nov-2025","203037"
"25","Normal/Others","WS/MP490/2024-2025/187225-Construction of roads, link roads, pathways or any other road with or without drainage system","Uttar Pradesh","VARANASI(DISTRICT MAGISTRAE VARANASI_IDA)","Interlocking work in Loko Chittupur ward no. 07, from house no. C 33-283 Pramod Maurya to house no. C 32-31A work from the house of Raju Goswami ji till the house. Length 141 m","Shri Narendra Modi","VARANASI","Images","16-Oct-2025","690282"
"26","Normal/Others","WS/MP490/2024-2025/187222-Construction of roads, link roads, pathways or any other road with or without drainage system","Uttar Pradesh","VARANASI(DISTRICT MAGISTRAE VARANASI_IDA)","Interlocking work in Shivpurwan Ward no. 10, from D 64-54 Bhaiyalal Bind to D 64-56 Suresh Bind Mini Tubewell, Madhavpur. Length 102 m.","Shri Narendra Modi","VARANASI","Images","01-Dec-2025","266784"
"27","Normal/Others","WS/MP490/2024-2025/187218-Construction of roads, link roads, pathways or any other road with or without drainage system","Uttar Pradesh","VARANASI(DISTRICT MAGISTRAE VARANASI_IDA)","Interlocking work in Kazipura Khurd ward no. 77, from Sonu Mauryas house KC 14-157 to Kailash Jaiswal length 39.40 m","Shri Narendra Modi","VARANASI","Images","14-Aug-2025","167027"
"28","Normal/Others","WS/MP490/2024-2025/187217-Construction of roads, link roads, pathways or any other road with or without drainage system","Uttar Pradesh","VARANASI(DISTRICT MAGISTRAE VARANASI_IDA)","Interlocking work in Lahartara ward no. 1, from Rajendra Sabji Walas house to late Gurucharans house, 3.00 m width 100 m length behind Naya Basti Telephone Colony and from Brijesh Pandeys house to Deenanaths house. Length 90.80 m.","Shri Narendra Modi","VARANASI","Images","06-Dec-2025","246598"
"29","Normal/Others","WS/MP490/2024-2025/187203-Construction of roads, link roads, pathways or any other road with or without drainage system","Uttar Pradesh","VARANASI(DISTRICT MAGISTRAE VARANASI_IDA)","Interlocking in Old Ramnagar Kodopur Ward no. 65 from Shri Neelu Sonkars house to Shri Manoj Sonkars house, Kodopur, length 105 m","Shri Narendra Modi","VARANASI","Images","23-Jul-2025","236071"
"30","Normal/Others","WS/MP490/2024-2025/187197-Construction of roads, link roads, pathways or any other road with or without drainage system","Uttar Pradesh","VARANASI(DISTRICT MAGISTRAE VARANASI_IDA)","Chowka resetting and Gali Peet  work in Sarai Nandan Ward 28 from Vijay Patel house no. 3-154 to Rama Patel house no. 4-154 , length 45.20 m","Shri Narendra Modi","VARANASI","Images","19-Dec-2025","124247"
"31","Normal/Others","WS/MP490/2024-2025/187192-Construction of roads, link roads, pathways or any other road with or without drainage system","Uttar Pradesh","VARANASI(DISTRICT MAGISTRAE VARANASI_IDA)","Interlocking work in Kazipurakhurd ward no. 77, from C 14-149-17-20 late Vindhyavasini Lal Srivastavas house to C 14-159-17-7 Satish Chaurasias house, length 61.50 m","Shri Narendra Modi","VARANASI","Images","17-Oct-2025","305724"
"32","Normal/Others","WS/MP490/2024-2025/187189-Construction of roads, link roads, pathways or any other road with or without drainage system","Uttar Pradesh","VARANASI(DISTRICT MAGISTRAE VARANASI_IDA)","Interlocking work, from house C 15-304 Mangal Yadav to house C 15-306 Nandlal Maurya, length 26.70 m","Shri Narendra Modi","VARANASI","Images","11-Mar-2026","111052"
"33","Normal/Others","WS/MP490/2024-2025/187187-Construction of roads, link roads, pathways or any other road with or without drainage system","Uttar Pradesh","VARANASI(DISTRICT MAGISTRAE VARANASI_IDA)","Interlocking work, from Ramesh Binds house no. 59-278 to Shankarjis temple, to Sunil Mauryas house no. 59-293, length 200 m","Shri Narendra Modi","VARANASI","Images","11-Mar-2026","704920"
"34","Normal/Others","WS/MP490/2024-2025/187186-Construction of roads, link roads, pathways or any other road with or without drainage system","Uttar Pradesh","VARANASI(DISTRICT MAGISTRAE VARANASI_IDA)","Interlocking work, from Kailash Guptas house no. D 59-314 B to Bharat Lal Binds house no. D 59-314 G, length 47.50 m","Shri Narendra Modi","VARANASI","Images","06-Dec-2025","351982"
"35","Normal/Others","WS/MP490/2024-2025/187184-Construction of roads, link roads, pathways or any other road with or without drainage system","Uttar Pradesh","VARANASI(DISTRICT MAGISTRAE VARANASI_IDA)","Interlocking work on kutcha road from the street next to Navodaya School Badi Gaibi VDA Colony to the empty plot of Ganga Sagar Sonkar Chand  (Sand filling) Length 97 m","Shri Narendra Modi","VARANASI","Images","11-Mar-2026","439209"
"36","Normal/Others","WS/MP490/2024-2025/187183-Construction of roads, link roads, pathways or any other road with or without drainage system","Uttar Pradesh","VARANASI(DISTRICT MAGISTRAE VARANASI_IDA)","Interlocking work from B 1-148-7, Vimla Devis house to B 1-148 D-1, Purnchandra Upadhyays house. Length 68.50 m","Shri Narendra Modi","VARANASI","Images","01-Dec-2025","236658"
"37","Normal/Others","WS/MP490/2024-2025/187180-Construction of roads, link roads, pathways or any other road with or without drainage system","Uttar Pradesh","VARANASI(DISTRICT MAGISTRAE VARANASI_IDA)","Road construction work from Daitraveer temple to Sharma ji house. Interlocking length 78 m","Shri Narendra Modi","VARANASI","Images","18-Oct-2025","252168"
"38","Normal/Others","WS/MP490/2024-2025/187179-Construction of roads, link roads, pathways or any other road with or without drainage system","Uttar Pradesh","VARANASI(DISTRICT MAGISTRAE VARANASI_IDA)","Road construction work from Chhedi Sonkars house to Lalu house and from Vechan Sonkars house to Ramu house. Interlocking length 50 m","Shri Narendra Modi","VARANASI","Images","21-Jul-2025","146824"
"39","Normal/Others","WS/MP490/2024-2025/187178-Construction of roads, link roads, pathways or any other road with or without drainage system","Uttar Pradesh","VARANASI(DISTRICT MAGISTRAE VARANASI_IDA)","Interlocking from Durga Prasad house No. B-33-43-A to Sunil house to Jwala Prasad house no. B-33-43 to Subhash Singh house, length 135.20 m","Shri Narendra Modi","VARANASI","Images","29-Sep-2025","761309"
"40","Normal/Others","WS/MP490/2024-2025/187173-Construction of roads, link roads, pathways or any other road with or without drainage system","Uttar Pradesh","VARANASI(DISTRICT MAGISTRAE VARANASI_IDA)","From Yadav ji house No. N 2-150 to Basant Lal house No. N 2-150, C-1 Sundarpur (Vivek Nagar) Chowka reset lane feet length 77 m","Shri Narendra Modi","VARANASI","Images","02-Apr-2026","341611"
"41","Normal/Others","WS/MP490/2024-2025/187151-Construction of roads, link roads, pathways or any other road with or without drainage system","Uttar Pradesh","VARANASI(DISTRICT MAGISTRAE VARANASI_IDA)","Mrs. Manisha Upadhyaya House No. N 12-366, IIPC Bharat Puram Colony From the house of Bajardiha to the house of Shri Prabhu Patel to the house of Shri Arvind Srivastava - Inter Locking drain,lane,pit and chamber construction length 42.70 m","Shri Narendra Modi","VARANASI","Images","26-Aug-2025","337580"
"42","Normal/Others","WS/MP490/2024-2025/187257-Construction of roads, link roads, pathways or any other road with or without drainage system","Uttar Pradesh","VARANASI(DISTRICT MAGISTRAE VARANASI_IDA)","Interlocking work in Suswahi ward no. 39 from Panna Lal Yadavs house to Lalit Pandeys gate.Length 40 m.","Shri Narendra Modi","VARANASI","Images","16-Jul-2025","268568"
"43","Normal/Others","WS/MP490/2024-2025/187540-Construction of roads, link roads, pathways or any other road with or without drainage system","Uttar Pradesh","VARANASI(DISTRICT MAGISTRAE VARANASI_IDA)","Road work in Tarapur Gram Sabha from Bablu Yadavs house to Shankar jis temple (CC road work). Length 125 m.","Shri Narendra Modi","VARANASI","Images","03-Sep-2025","758622"
"44","Normal/Others","WS/MP490/2024-2025/187612-Construction of roads, link roads, pathways or any other road with or without drainage system","Uttar Pradesh","VARANASI(DISTRICT MAGISTRAE VARANASI_IDA)","Interlocking work in Gramsabha Panditpur from pitch road to Shobha Rajbhars house.Length 80 m.","Shri Narendra Modi","VARANASI","Images","16-Sep-2025","352112"
"45","Normal/Others","WS/MP490/2024-2025/187262-Construction of roads, link roads, pathways or any other road with or without drainage system","Uttar Pradesh","VARANASI(DISTRICT MAGISTRAE VARANASI_IDA)","Interlocking work in kandwa ward no. 19 from Tulsi Nagar Colony Kunj Panchkoshi Road to Indian School.  Length 76 m.","Shri Narendra Modi","VARANASI","Images","23-Sep-2025","484508"
"46","Normal/Others","WS/MP490/2024-2025/187263-Construction of roads, link roads, pathways or any other road with or without drainage system","Uttar Pradesh","VARANASI(DISTRICT MAGISTRAE VARANASI_IDA)","Interlocking work in kandwa ward no. 19 work from booth president Gopal Patels house to Ghure Patels residence in Kandwa Dakshini Pura of Rohania Assembly. Length 55 m.","Shri Narendra Modi","VARANASI","Images","16-Sep-2025","310576"
"47","Normal/Others","WS/MP490/2024-2025/187415-Construction of roads, link roads, pathways or any other road with or without drainage system","Uttar Pradesh","VARANASI(DISTRICT MAGISTRAE VARANASI_IDA)","Interlocking work in ramarepur ward no. 52 from Vivek Pathak house no. 3-73-2-R which is next to street of Shantipuram Colony Rajgharana Marble, to Keshav Mishras house no. 3-74-2-VSA and Rai Sahabs house no. 3-73-2 VSA. Length 115.40 m","Shri Narendra Modi","VARANASI","Images","16-Sep-2025","680978"
"48","Normal/Others","WS/MP490/2024-2025/187545-Construction of roads, link roads, pathways or any other road with or without drainage system","Uttar Pradesh","VARANASI(DISTRICT MAGISTRAE VARANASI_IDA)","Road work in Gram Sbha Mishirpur from Spirajs house to Malayam Patels house. Length 70 m.","Shri Narendra Modi","VARANASI","Images","18-Sep-2025","304912"
"49","Normal/Others","WS/MP490/2024-2025/187542-Construction of roads, link roads, pathways or any other road with or without drainage system","Uttar Pradesh","VARANASI(DISTRICT MAGISTRAE VARANASI_IDA)","Interlocking work in Gram Sabha Dafalpur from Ronald Rajiv Novuls house to Shivbalak Mishras house,Dafalpur. Length 80 m.","Shri Narendra Modi","VARANASI","Images","23-Sep-2025","456424"
"50","Normal/Others","WS/MP490/2024-2025/187527-Construction of roads, link roads, pathways or any other road with or without drainage system","Uttar Pradesh","VARANASI(DISTRICT MAGISTRAE VARANASI_IDA)","Interlocking work in Gamhapur from Gangapur Butted Canal to Sanjay Pandeys house. Length 53 m.","Shri Narendra Modi","VARANASI","Images","30-Sep-2025","339368"
"51","Normal/Others","WS/MP490/2024-2025/187254-Construction of roads, link roads, pathways or any other road with or without drainage system","Uttar Pradesh","VARANASI(DISTRICT MAGISTRAE VARANASI_IDA)","Interlocking work in Kakarmatta ward no. 38 from Ramprasads house to Santan Sipahis house in Pahari Vaishnavi Vihar Colony. Length 76 m","Shri Narendra Modi","VARANASI","Images","23-Sep-2025","231752"
"52","Normal/Others","WS/MP490/2024-2025/187248-Construction of roads, link roads, pathways or any other road with or without drainage system","Uttar Pradesh","VARANASI(DISTRICT MAGISTRAE VARANASI_IDA)","Interlocking work in kandwa ward no. 19 from RP Mishras house in Kanchanpur to Ansh Narayan Jhas house. Length 28 m.","Shri Narendra Modi","VARANASI","Images","30-Sep-2025","213226"
"53","Normal/Others","WS/MP490/2024-2025/187425-Construction of roads, link roads, pathways or any other road with or without drainage system","Uttar Pradesh","VARANASI(DISTRICT MAGISTRAE VARANASI_IDA)","Interlocking work in Kadipur ward no. 9 from Munnu Chaurasias house to Mamta Sonkars house near Jaidurg Nagar Colony in Kadipur Shivpur, length 53 m","Shri Narendra Modi","VARANASI","Images","30-Sep-2025","288746"
"54","Normal/Others","WS/MP490/2024-2025/187266-Construction of roads, link roads, pathways or any other road with or without drainage system","Uttar Pradesh","VARANASI(DISTRICT MAGISTRAE VARANASI_IDA)","Road construction (pitch) in Nadesar Ward no. 34 from S 17-314 D Nadesar to S 17-314-A-G Nadesar. Length 38 m","Shri Narendra Modi","VARANASI","Images","30-Sep-2025","203668"
"55","Normal/Others","WS/MP490/2024-2025/187268-Construction of roads, link roads, pathways or any other road with or without drainage system","Uttar Pradesh","VARANASI(DISTRICT MAGISTRAE VARANASI_IDA)","Road construction in jagatganj Ward no. 61 Lacchipura Colony Nadesar, pitch. Length 63 m","Shri Narendra Modi","VARANASI","Images","30-Sep-2025","297006"
"56","Normal/Others","WS/MP490/2024-2025/187267-Construction of roads, link roads, pathways or any other road with or without drainage system","Uttar Pradesh","VARANASI(DISTRICT MAGISTRAE VARANASI_IDA)","Road construction (pitch) in Nadesar Ward no. 34 from S 21 Englishia Line Hanuman Mandir to Phool Mandi. Length 470 m","Shri Narendra Modi","VARANASI","Images","09-Oct-2025","783638"
"57","Normal/Others","WS/MP490/2024-2025/187456-Construction of roads, link roads, pathways or any other road with or without drainage system","Uttar Pradesh","VARANASI(DISTRICT MAGISTRAE VARANASI_IDA)","Renew stone in Katuapura ward no. 81 in the lane from K 46-51 to K 46-38, Length 235.10 m","Shri Narendra Modi","VARANASI","Images","10-Oct-2025","575486"
"58","Normal/Others","WS/MP490/2025-2026/241033-Construction of roads, link roads, pathways or any other road with or without drainage system","Uttar Pradesh","VARANASI(DISTRICT MAGISTRAE VARANASI_IDA)","Interlocking work from Mr Govind Kumar Pandey house No 546ASR to Mr Suresh Singh house in Singh Basti in Ramrepur Ward No 59 Length 54 m","Shri Narendra Modi","VARANASI","Images","15-Oct-2025",""
"59","Normal/Others","WS/MP490/2024-2025/187269-Construction of roads, link roads, pathways or any other road with or without drainage system","Uttar Pradesh","VARANASI(DISTRICT MAGISTRAE VARANASI_IDA)","Interlocking work in Ramarepur ward no. 59 from Naveen Pandey to Dr Udham Singh House No. MN 3-816 in Vivekanand Nagar Colony to  Brijesh Pandey to Khajati Ram house no. 3-118-1. Length 102 m","Shri Narendra Modi","VARANASI","Images","15-Oct-2025","526988"
"60","Normal/Others","WS/MP490/2024-2025/187422-Construction of roads, link roads, pathways or any other road with or without drainage system","Uttar Pradesh","VARANASI(DISTRICT MAGISTRAE VARANASI_IDA)","Interlocking in Pahariya ward no. 46 in closed lane in Sarang Talab Pahadia Road from Nam Verma jis house to Ajay Shrivastava and Pintu Jaiswals house in Gayatri School lane. length 284.40 m","Shri Narendra Modi","VARANASI","Images","15-Oct-2025","870486"
"61","Normal/Others","WS/MP490/2024-2025/187270-Construction of roads, link roads, pathways or any other road with or without drainage system","Uttar Pradesh","VARANASI(DISTRICT MAGISTRAE VARANASI_IDA)","Interlocking work in Ramarepur ward no. 59 from Deepak Singhs house in Bhakti Nagar Colony lane no. 7B to Jai Prakash Shahi to Dhananjay Singh house no. 3-160 via Ramdhani Patels house","Shri Narendra Modi","VARANASI","Images","16-Oct-2025","1539782"
"62","Normal/Others","WS/MP490/2024-2025/187547-Construction of roads, link roads, pathways or any other road with or without drainage system","Uttar Pradesh","VARANASI(DISTRICT MAGISTRAE VARANASI_IDA)","CC road construction work in Gram Sabha Parmanandpur from Gulab Patels house to Jawahar Lals house in Parmanandpur. Length 150 m.","Shri Narendra Modi","VARANASI","Images","29-Oct-2025","918040"
"63","Normal/Others","WS/MP490/2024-2025/187512-Construction of roads, link roads, pathways or any other road with or without drainage system","Uttar Pradesh","VARANASI(DISTRICT MAGISTRAE VARANASI_IDA)","Interlocking work in Anantpur Gram from Sabhai Lalman Baba school to Sanjay Pandeys house. Length 100 m.","Shri Narendra Modi","VARANASI","Images","06-Nov-2025","598142"
"64","Normal/Others","WS/MP490/2024-2025/187481-Construction of roads, link roads, pathways or any other road with or without drainage system","Uttar Pradesh","VARANASI(DISTRICT MAGISTRAE VARANASI_IDA)","Interlocking from Sarhari Village via Sachins house to Amits house. Length 110 m.","Shri Narendra Modi","VARANASI","Images","06-Nov-2025","561916"
"65","Normal/Others","WS/MP490/2024-2025/187479-Construction of roads, link roads, pathways or any other road with or without drainage system","Uttar Pradesh","VARANASI(DISTRICT MAGISTRAE VARANASI_IDA)","Interlocking from Ring Road Anantpur Marg to Lord Parshurams temple.Length 80 m.","Shri Narendra Modi","VARANASI","Images","19-Nov-2025","438016"
"66","Normal/Others","WS/MP490/2025-2026/241297-Construction of roads, link roads, pathways or any other road with or without drainage system","Uttar Pradesh","VARANASI(DISTRICT MAGISTRAE VARANASI_IDA)","Interlocking work from Gram Sabha Narsada, Block Arazilines Rajatalab Jakhini Pitch Road to Shivshankar Singh Pateljis house. Length 185.00 m","Shri Narendra Modi","VARANASI","Images","24-Jan-2026","880786"
"67","Normal/Others","WS/MP490/2025-2026/241298-Construction of roads, link roads, pathways or any other road with or without drainage system","Uttar Pradesh","VARANASI(DISTRICT MAGISTRAE VARANASI_IDA)","Interlocking work from Basant Rajbhars house to Shivchander Patels house in Gram Sabha Shahanshahpur, Block Arazilines. Length 80.00 m","Shri Narendra Modi","VARANASI","Images","28-Jul-2026","362393"
"68","Normal/Others","WS/MP490/2025-2026/241300-Construction of roads, link roads, pathways or any other road with or without drainage system","Uttar Pradesh","VARANASI(DISTRICT MAGISTRAE VARANASI_IDA)","Interlocking work from Mungwar Link Road to Lallu Singhs farm in Gram Sabha Krishnadattpur, Block Arazilines. Length 160.00 m","Shri Narendra Modi","VARANASI","Images","24-Feb-2026","562125"
"69","Normal/Others","WS/MP490/2025-2026/241301-Construction of roads, link roads, pathways or any other road with or without drainage system","Uttar Pradesh","VARANASI(DISTRICT MAGISTRAE VARANASI_IDA)","Interlocking work from Ramu Patels house to Rinku Pathaks house in Gram Sabha Veersinghpur, Block Arazilines. Length 93.00 m","Shri Narendra Modi","VARANASI","Images","24-Jan-2026","432790"
"70","Normal/Others","WS/MP490/2025-2026/241304-Construction of roads, link roads, pathways or any other road with or without drainage system","Uttar Pradesh","VARANASI(DISTRICT MAGISTRAE VARANASI_IDA)","Interlocking work from Jakhini pitch road Daitrabhir Baba to Dheeraj Prajapatis house in Gram Sabha Bhimchandi Block Arazilines. Length 145.00 m","Shri Narendra Modi","VARANASI","Images","24-Feb-2026","775290"
"71","Normal/Others","WS/MP490/2025-2026/241306-Construction of roads, link roads, pathways or any other road with or without drainage system","Uttar Pradesh","VARANASI(DISTRICT MAGISTRAE VARANASI_IDA)","Interlocking work from main road to Jawahar Binds Chak in Gram Sabha Saraiya Block Arazilines. Length 120.00 m","Shri Narendra Modi","VARANASI","Images","28-Jul-2026","482598"
"72","Normal/Others","WS/MP490/2025-2026/241307-Construction of roads, link roads, pathways or any other road with or without drainage system","Uttar Pradesh","VARANASI(DISTRICT MAGISTRAE VARANASI_IDA)","Interlocking work from Shyam Sundar Vishwakarmas house to Shiv temple in Gram Sabha Veersinghpur Block Arazilines. Length 82.00 m","Shri Narendra Modi","VARANASI","Images","29-Jan-2026","289939"
"73","Normal/Others","WS/MP490/2025-2026/241308-Construction of roads, link roads, pathways or any other road with or without drainage system","Uttar Pradesh","VARANASI(DISTRICT MAGISTRAE VARANASI_IDA)","Interlocking work from Okar Singhs house to Mata Prasads house in Gram Sabha Singhi Block Arazilines. Length 82.00 m","Shri Narendra Modi","VARANASI","Images","26-Feb-2026","347961"
"74","Normal/Others","WS/MP490/2025-2026/241309-Construction of roads, link roads, pathways or any other road with or without drainage system","Uttar Pradesh","VARANASI(DISTRICT MAGISTRAE VARANASI_IDA)","Interlocking work from Basantlal Binds house to pitch road in Gram Sabha Chakrapanpur Block Arazilines. Length 180.00 m","Shri Narendra Modi","VARANASI","Images","27-Feb-2026","744147"
"75","Normal/Others","WS/MP490/2025-2026/241333-Construction of roads, link roads, pathways or any other road with or without drainage system","Uttar Pradesh","VARANASI(DISTRICT MAGISTRAE VARANASI_IDA)","Interlocking work from interlocking to Kailash Vishwakarmas garden in Gram Sabha Dhadhorpur Block Arazilines. Length 85.00 m","Shri Narendra Modi","VARANASI","Images","28-Jul-2026","418468"
"76","Normal/Others","WS/MP490/2025-2026/241336-Construction of roads, link roads, pathways or any other road with or without drainage system","Uttar Pradesh","VARANASI(DISTRICT MAGISTRAE VARANASI_IDA)","Interlocking work from Block Arazilines village Chandapur to lawyers house. Length 130.00 m","Shri Narendra Modi","VARANASI","Images","10-Jul-2026","811884"
"77","Normal/Others","WS/MP490/2025-2026/241335-Construction of roads, link roads, pathways or any other road with or without drainage system","Uttar Pradesh","VARANASI(DISTRICT MAGISTRAE VARANASI_IDA)","Interlocking work from Chandapur pitch road to court house in Gram Sabha Jayapur Block Arazilines. Length 150.00 m","Shri Narendra Modi","VARANASI","Images","08-May-2026","694194"
"78","Normal/Others","WS/MP490/2025-2026/241334-Construction of roads, link roads, pathways or any other road with or without drainage system","Uttar Pradesh","VARANASI(DISTRICT MAGISTRAE VARANASI_IDA)","Interlocking work from old society to Kallu Gurus house in village Jakhini Block Arazilines. Length 145.00 m","Shri Narendra Modi","VARANASI","Images","02-Apr-2026","538104"
"79","Normal/Others","WS/MP490/2025-2026/241342-Construction of roads, link roads, pathways or any other road with or without drainage system","Uttar Pradesh","VARANASI(DISTRICT MAGISTRAE VARANASI_IDA)","Interlocking work from Pradeep Shuklas shop to Hanuman temple in Gram Sabha Loharadih Block Sevapuri. Length 80.00 m","Shri Narendra Modi","VARANASI","Images","02-Apr-2026","463747"
"80","Normal/Others","WS/MP490/2025-2026/241341-Construction of roads, link roads, pathways or any other road with or without drainage system","Uttar Pradesh","VARANASI(DISTRICT MAGISTRAE VARANASI_IDA)","Interlocking from Shobhnath Jaiswals house to Rajnath Patels house in Gram Sabha Nayapur Block Sevapuri. Length 105.00 m","Shri Narendra Modi","VARANASI","Images","25-Feb-2026","516971"
"81","Normal/Others","WS/MP490/2025-2026/241340-Construction of roads, link roads, pathways or any other road with or without drainage system","Uttar Pradesh","VARANASI(DISTRICT MAGISTRAE VARANASI_IDA)","Interlocking work from Jogiapur-Bhorkala Ramlakhan Pandeys field to Subhash Pandeys house in Gram Sabha Jogiapur Block Sevapuri. Length 120.00 m","Shri Narendra Modi","VARANASI","Images","08-May-2026","547461"
"82","Normal/Others","WS/MP490/2025-2026/241338-Construction of roads, link roads, pathways or any other road with or without drainage system","Uttar Pradesh","VARANASI(DISTRICT MAGISTRAE VARANASI_IDA)","Interlocking work from Rita Sonkar wife of Ram Sajan Sonkars house to Anamika Singh wife of Prem Kumar Singhs house in village Govindpur Block Arazilines. Length 66.00 m","Shri Narendra Modi","VARANASI","Images","02-Apr-2026","401681"
"83","Normal/Others","WS/MP490/2025-2026/241357-Construction of roads, link roads, pathways or any other road with or without drainage system","Uttar Pradesh","VARANASI(DISTRICT MAGISTRAE VARANASI_IDA)","Interlocking work from Nathes house to Umesh Singhs house in Gram Sabha Chaklola Block Sevapuri. Length 110.00 m","Shri Narendra Modi","VARANASI","Images","18-Jul-2026","465665"
"84","Normal/Others","WS/MP490/2025-2026/241363-Construction of roads, link roads, pathways or any other road with or without drainage system","Uttar Pradesh","VARANASI(DISTRICT MAGISTRAE VARANASI_IDA)","Interlocking work from behind Manoj Shuklas house to Munna Gauds house in Gram Sabha Sakalpur Block Sevapuri. Length 60.00 m","Shri Narendra Modi","VARANASI","Images","30-Jul-2026","283776"
"85","Normal/Others","WS/MP490/2025-2026/241362-Construction of roads, link roads, pathways or any other road with or without drainage system","Uttar Pradesh","VARANASI(DISTRICT MAGISTRAE VARANASI_IDA)","Interlocking work from Hanuman Temple to Anarkali Girls Inter College in Gram Sabha Purashiv Block Sevapuri. Length 145.00 m","Shri Narendra Modi","VARANASI","Images","10-Jul-2026","809409"
"86","Normal/Others","WS/MP490/2025-2026/241361-Construction of roads, link roads, pathways or any other road with or without drainage system","Uttar Pradesh","VARANASI(DISTRICT MAGISTRAE VARANASI_IDA)","Interlocking work from pitch road to Ranjit Patels house in Village Sabha Bharhariya Block Sevapuri. Length 100.00 m","Shri Narendra Modi","VARANASI","Images","08-May-2026","511139"
"87","Normal/Others","WS/MP490/2025-2026/241360-Construction of roads, link roads, pathways or any other road with or without drainage system","Uttar Pradesh","VARANASI(DISTRICT MAGISTRAE VARANASI_IDA)","Interlocking work from Dhaniram Binds house to Siyaram Binds house in Gram Sabha Thathra Block Sevapuri. Length 80.00 m","Shri Narendra Modi","VARANASI","Images","16-Jul-2026","379710"
"88","Normal/Others","WS/MP490/2025-2026/241359-Construction of roads, link roads, pathways or any other road with or without drainage system","Uttar Pradesh","VARANASI(DISTRICT MAGISTRAE VARANASI_IDA)","Interlocking work from Government Veterinary Hospital to Sonkar Basti Baya Vanvasi Basti in Gram Sabha Sirihira Block Sevapuri. Length 156.00 m","Shri Narendra Modi","VARANASI","Images","16-Jul-2026","784888"
"89","Normal/Others","WS/MP490/2025-2026/241358-Construction of roads, link roads, pathways or any other road with or without drainage system","Uttar Pradesh","VARANASI(DISTRICT MAGISTRAE VARANASI_IDA)","Interlocking work from Gopal Singhs house to Shri Rudranarayan Singhs door in Gram Sabha Dilawalpur Block Sevapuri. Length 65.00 m","Shri Narendra Modi","VARANASI","Images","30-Jul-2026","301856"
"90","Normal/Others","WS/MP490/2025-2026/241372-Construction of roads, link roads, pathways or any other road with or without drainage system","Uttar Pradesh","VARANASI(DISTRICT MAGISTRAE VARANASI_IDA)","Interlocking work from Ramdhari Patel Bhola Doctor Vishwakarmas house to Maa Akali Pandal Punvasi Prajapatis house in village Rampur block Sevapuri, adjacent to pitch road. Length 75.00 m","Shri Narendra Modi","VARANASI","Images","03-Feb-2026","340916"
"91","Normal/Others","WS/MP490/2025-2026/241393-Construction of roads, link roads, pathways or any other road with or without drainage system","Uttar Pradesh","VARANASI(DISTRICT MAGISTRAE VARANASI_IDA)","Interlocking work from near Gajraj Yadavs house to Azad Vishwakarmas house in Gram Sabha Amini Block Sevapuri. Length 95.00 m","Shri Narendra Modi","VARANASI","Images","30-Jul-2026","360063"
"92","Normal/Others","WS/MP490/2025-2026/241392-Construction of roads, link roads, pathways or any other road with or without drainage system","Uttar Pradesh","VARANASI(DISTRICT MAGISTRAE VARANASI_IDA)","Interlocking work from pitch road to Sanjay Mauryas house in Gram Sabha Kundaria block Arazilines. Length 75.00 m","Shri Narendra Modi","VARANASI","Images","30-Jul-2026","221916"
"93","Normal/Others","WS/MP490/2025-2026/241391-Construction of roads, link roads, pathways or any other road with or without drainage system","Uttar Pradesh","VARANASI(DISTRICT MAGISTRAE VARANASI_IDA)","Interlocking work from Mangala Prasad Singhs house to near Dehbaba temple in Gram Sabha Jansa block Arazilines. Length 150.00 m","Shri Narendra Modi","VARANASI","Images","03-Apr-2026","459060"
"94","Normal/Others","WS/MP490/2025-2026/241390-Construction of roads, link roads, pathways or any other road with or without drainage system","Uttar Pradesh","VARANASI(DISTRICT MAGISTRAE VARANASI_IDA)","Interlocking work from old Panchkroshi road to Devpat Pandeys house in Gram Sabha Chaukhandi Block Arazilines. Length 82.00 m","Shri Narendra Modi","VARANASI","Images","08-May-2026","319094"
"95","Normal/Others","WS/MP490/2025-2026/241389-Construction of roads, link roads, pathways or any other road with or without drainage system","Uttar Pradesh","VARANASI(DISTRICT MAGISTRAE VARANASI_IDA)","Interlocking work from pitch road to Shitala Prasad Dubeys house in village Naipura block Arazilines. Length 128.00 m","Shri Narendra Modi","VARANASI","Images","10-Jul-2026","530980"
"96","Normal/Others","WS/MP490/2025-2026/241388-Construction of roads, link roads, pathways or any other road with or without drainage system","Uttar Pradesh","VARANASI(DISTRICT MAGISTRAE VARANASI_IDA)","Interlocking work from the interlocking near Basdevs machine to Mathalus house in village Harsons block Arazilines. Length 105.00 m","Shri Narendra Modi","VARANASI","Images","16-Jul-2026","426104"
"97","Normal/Others","WS/MP490/2025-2026/241396-Construction of roads, link roads, pathways or any other road with or without drainage system","Uttar Pradesh","VARANASI(DISTRICT MAGISTRAE VARANASI_IDA)","Interlocking work from Highway Service Lane Chandrama Singh Vakils house to Shyambalis house in Gram Sabha Veerbhanpur Block Arazilines. Length 170.00 m","Shri Narendra Modi","VARANASI","Images","20-Mar-2026","853044"
"98","Normal/Others","WS/MP490/2025-2026/241395-Construction of roads, link roads, pathways or any other road with or without drainage system","Uttar Pradesh","VARANASI(DISTRICT MAGISTRAE VARANASI_IDA)","Interlocking work from PS Public School gate to Fulgen Patels garden in Gram Sabha Mehdiganj Block Arajilines. Length 130.00 m","Shri Narendra Modi","VARANASI","Images","24-Jan-2026","583844"
"99","Normal/Others","WS/MP490/2025-2026/241394-Construction of roads, link roads, pathways or any other road with or without drainage system","Uttar Pradesh","VARANASI(DISTRICT MAGISTRAE VARANASI_IDA)","Interlocking work from near Khanjati Rajbhars house to Dayalus house in Gram Sabha Mubarakpur Block Arajilines. Length 100.00 m","Shri Narendra Modi","VARANASI","Images","28-Jul-2026","685912"
"100","Normal/Others","WS/MP490/2025-2026/241417-Construction of roads, link roads, pathways or any other road with or without drainage system","Uttar Pradesh","VARANASI(DISTRICT MAGISTRAE VARANASI_IDA)","Interlocking work from near Bahadurs house to Chamman Patels house in Gram Sabha Changwar Block Arazilines. Length 75.00 m","Shri Narendra Modi","VARANASI","Images","30-Jul-2026","268641"
"101","Normal/Others","WS/MP490/2025-2026/241419-Construction of roads, link roads, pathways or any other road with or without drainage system","Uttar Pradesh","VARANASI(DISTRICT MAGISTRAE VARANASI_IDA)","Interlocking work from Pyarelals house to Sheetla Patels house in Gram Sabha Amini Block Sewapuri. Length 60.00 m","Shri Narendra Modi","VARANASI","Images","24-Jan-2026","213790"
"102","Normal/Others","WS/MP490/2025-2026/241425-Construction of roads, link roads, pathways or any other road with or without drainage system","Uttar Pradesh","VARANASI(DISTRICT MAGISTRAE VARANASI_IDA)","Interlocking work from Shitala Prasads house to Vinod Pandeys house in Tendui, Block Sevapuri. Length 143.00 m","Shri Narendra Modi","VARANASI","Images","24-Jul-2026","625719"
"103","Normal/Others","WS/MP490/2025-2026/241424-Construction of roads, link roads, pathways or any other road with or without drainage system","Uttar Pradesh","VARANASI(DISTRICT MAGISTRAE VARANASI_IDA)","Interlocking work from Varunapul to Hanuman temple in Gram Sabha Isarwar block Sevapuri. Length 84.54 m","Shri Narendra Modi","VARANASI","Images","30-Jul-2026","537642"
"104","Normal/Others","WS/MP490/2025-2026/241423-Construction of roads, link roads, pathways or any other road with or without drainage system","Uttar Pradesh","VARANASI(DISTRICT MAGISTRAE VARANASI_IDA)","Interlocking work from pitch road to Ashok Singhs house in village Kundariyar Block Arajilines. Length 150.00 m","Shri Narendra Modi","VARANASI","Images","02-Apr-2026","692334"
"105","Normal/Others","WS/MP490/2025-2026/241422-Construction of roads, link roads, pathways or any other road with or without drainage system","Uttar Pradesh","VARANASI(DISTRICT MAGISTRAE VARANASI_IDA)","Interlocking work from Vindeshs house to Vijay Vishwakarmas house in village Khalispur block Arazilines. Length 105.00 m","Shri Narendra Modi","VARANASI","Images","24-Jan-2026","470726"
"106","Normal/Others","WS/MP490/2025-2026/241421-Construction of roads, link roads, pathways or any other road with or without drainage system","Uttar Pradesh","VARANASI(DISTRICT MAGISTRAE VARANASI_IDA)","Interlocking work from Lalchand Patels house to Pancham Patels machine on Bhadohi main road in village Parmandapur Block Arazilines. Length 136.00 m","Shri Narendra Modi","VARANASI","Images","22-Feb-2026","577109"
"107","Normal/Others","WS/MP490/2025-2026/241420-Construction of roads, link roads, pathways or any other road with or without drainage system","Uttar Pradesh","VARANASI(DISTRICT MAGISTRAE VARANASI_IDA)","Interlocking work from RCC road to Sattimata temple near Bhaiyalals house in Gram Sabha Harsons, Block Arazilines. Length 32.00 m","Shri Narendra Modi","VARANASI","Images","06-Aug-2026","200228"
"108","Normal/Others","WS/MP490/2025-2026/241426-Construction of roads, link roads, pathways or any other road with or without drainage system","Uttar Pradesh","VARANASI(DISTRICT MAGISTRAE VARANASI_IDA)","Interlocking work from Keshav Rajbhars house to Rajkumar Prajapatis house in Deipur Block Sevapuri. Length 98.00 m","Shri Narendra Modi","VARANASI","Images","04-Apr-2026","486782"
"109","Normal/Others","WS/MP490/2025-2026/241429-Construction of roads, link roads, pathways or any other road with or without drainage system","Uttar Pradesh","VARANASI(DISTRICT MAGISTRAE VARANASI_IDA)","Interlocking work from pitch road to Baba Pals house in Kursato Block Arazilines. Length 142.00 m","Shri Narendra Modi","VARANASI","Images","30-Jul-2026","663915"
"110","Normal/Others","WS/MP490/2025-2026/241430-Construction of roads, link roads, pathways or any other road with or without drainage system","Uttar Pradesh","VARANASI(DISTRICT MAGISTRAE VARANASI_IDA)","Interlocking work from Om Prakash Mishras house to Satish Dubeys house in Pachwar Block Sevapuri. Length 80.00 m","Shri Narendra Modi","VARANASI","Images","30-Jul-2026","527385"
"111","Normal/Others","WS/MP490/2025-2026/241431-Construction of roads, link roads, pathways or any other road with or without drainage system","Uttar Pradesh","VARANASI(DISTRICT MAGISTRAE VARANASI_IDA)","Interlocking work from main road to marriage hall in Gram Sabha Beshupur Block Sevapuri. Length 91.00 m","Shri Narendra Modi","VARANASI","Images","30-Jul-2026","433258"
"112","Normal/Others","WS/MP490/2025-2026/241436-Construction of roads, link roads, pathways or any other road with or without drainage system","Uttar Pradesh","VARANASI(DISTRICT MAGISTRAE VARANASI_IDA)","Interlocking work from Jeet Narayan Yadavs house in Gaddopur to Trimukhani to Kailash Singhs house in Gram Sabha Tendui Block Sevapuri. Length 135.00 m","Shri Narendra Modi","VARANASI","Images","24-Jul-2026","622537"
"113","Normal/Others","WS/MP490/2025-2026/241434-Construction of roads, link roads, pathways or any other road with or without drainage system","Uttar Pradesh","VARANASI(DISTRICT MAGISTRAE VARANASI_IDA)","Interlocking work from Sunil Masters house to Rameshs house in Gram Ghosila Block Sevapuri. Length 100.00 m","Shri Narendra Modi","VARANASI","Images","30-Jul-2026","500220"
"114","Normal/Others","WS/MP490/2025-2026/241433-Construction of roads, link roads, pathways or any other road with or without drainage system","Uttar Pradesh","VARANASI(DISTRICT MAGISTRAE VARANASI_IDA)","Interlocking work from Jitendra Pathaks house to Panchayat Bhawan in Gram Sabha Sonbarsa Block Sevapuri. Length 165.00 m","Shri Narendra Modi","VARANASI","Images","24-Jul-2026","795104"
"115","Normal/Others","WS/MP490/2025-2026/241438-Construction of roads, link roads, pathways or any other road with or without drainage system","Uttar Pradesh","VARANASI(DISTRICT MAGISTRAE VARANASI_IDA)","Interlocking work from Nandlal Mauryas Gomti to Karan Mauryas house in Gram Sabha Gorai Block Sevapuri. Length 150.00 m","Shri Narendra Modi","VARANASI","Images","04-Apr-2026","652585"
"116","Normal/Others","WS/MP490/2025-2026/241437-Construction of roads, link roads, pathways or any other road with or without drainage system","Uttar Pradesh","VARANASI(DISTRICT MAGISTRAE VARANASI_IDA)","Interlocking work from Keshav Prasads hand pump to Manikchandras machine in Gram Sabha Kursato Block Arazilines. Length 50.00 m","Shri Narendra Modi","VARANASI","Images","02-Apr-2026","239272"
"117","Normal/Others","WS/MP490/2024-2025/187448-Construction of roads, link roads, pathways or any other road with or without drainage system","Uttar Pradesh","VARANASI(DISTRICT MAGISTRAE VARANASI_IDA)","Interlocking work in Daniyalpur Ward No. 37 From Kedar Prajapatis house no. 22-168 to Pappu Lahris house no. 22-168. Length 85.70 m","Shri Narendra Modi","VARANASI","Images","27-Nov-2025","164728"
"118","Normal/Others","WS/MP490/2024-2025/187538-Construction of roads, link roads, pathways or any other road with or without drainage system","Uttar Pradesh","VARANASI(DISTRICT MAGISTRAE VARANASI_IDA)","Interlocking work from Gram Sabha Misirpur main road to Laxmi Singhs farm.Length 45 m.","Shri Narendra Modi","VARANASI","Images","09-Dec-2025","329102"
"119","Normal/Others","WS/MP490/2024-2025/187265-Construction of roads, link roads, pathways or any other road with or without drainage system","Uttar Pradesh","VARANASI(DISTRICT MAGISTRAE VARANASI_IDA)","Interlocking work in Shivdaspur ward no. 04 from Guddu Gaurs house to Kamlesh Patels house. Length 130 m","Shri Narendra Modi","VARANASI","Images","12-Dec-2025","574896"
"120","Normal/Others","WS/MP490/2024-2025/187247-Construction of roads, link roads, pathways or any other road with or without drainage system","Uttar Pradesh","VARANASI(DISTRICT MAGISTRAE VARANASI_IDA)","Interlocking work in kandwa ward no. 19 from Raja Ram Prajapatis house in Awaleshpur to Manoj Chaurasias house. Length 29m.","Shri Narendra Modi","VARANASI","Images","12-Dec-2025","236236"
"121","Normal/Others","WS/MP490/2024-2025/187434-Construction of roads, link roads, pathways or any other road with or without drainage system","Uttar Pradesh","VARANASI(DISTRICT MAGISTRAE VARANASI_IDA)","Road construction, in shivpur ward no. 31 pitch road from Kundan Nagar Colony, Shivpur to SK Vermas house. Length 43 m","Shri Narendra Modi","VARANASI","Images","16-Dec-2025","648646"
"122","Normal/Others","WS/MP490/2024-2025/187238-Construction of roads, link roads, pathways or any other road with or without drainage system","Uttar Pradesh","VARANASI(DISTRICT MAGISTRAE VARANASI_IDA)","Interlocking work in Kakarmatta ward no. 38  from Shyam Narayans house to Rajendra Prasads house in Nathupur, Length 22 m.","Shri Narendra Modi","VARANASI","Images","31-Dec-2025","156704"
"123","Normal/Others","WS/MP490/2024-2025/187241-Construction of roads, link roads, pathways or any other road with or without drainage system","Uttar Pradesh","VARANASI(DISTRICT MAGISTRAE VARANASI_IDA)","Interlocking work in Kakarmatta ward no. 38  from Vijay Patels house in Nathupur to Ishwar Lal Patels house. Length 26 m.","Shri Narendra Modi","VARANASI","Images","31-Dec-2025","97232"
"124","Normal/Others","WS/MP490/2024-2025/187428-Construction of roads, link roads, pathways or any other road with or without drainage system","Uttar Pradesh","VARANASI(DISTRICT MAGISTRAE VARANASI_IDA)","Road construction in shivpur ward no. 31   from Sanyam Dubeys house to Ramji Pandeys house to Kundan Nagar, pitch length 78 m","Shri Narendra Modi","VARANASI","Images","02-Jan-2026","788712"
"125","Normal/Others","WS/MP490/2024-2025/187464-Construction of roads, link roads, pathways or any other road with or without drainage system","Uttar Pradesh","VARANASI(DISTRICT MAGISTRAE VARANASI_IDA)","Lane work in Koniya ward no. 68 from Golu Kanaujias residence to Smt. Jyoti Chandravanshis residence. Length 54 m","Shri Narendra Modi","VARANASI","Images","02-Jan-2026","173578"
"126","Normal/Others","WS/MP490/2024-2025/187246-Construction of roads, link roads, pathways or any other road with or without drainage system","Uttar Pradesh","VARANASI(DISTRICT MAGISTRAE VARANASI_IDA)","Interlocking work in kandwa ward no. 19 from Shyam Pandeys house to Renu Singhs house in Awaleshpur. Length 79.50 m.","Shri Narendra Modi","VARANASI","Images","13-Jan-2026","722750"
"127","Normal/Others","WS/MP490/2024-2025/187546-Construction of roads, link roads, pathways or any other road with or without drainage system","Uttar Pradesh","VARANASI(DISTRICT MAGISTRAE VARANASI_IDA)","Interlocking work in Gram Sbha Maniyaripur from Munnalals house to behind Horilal Rajbhars house. Length 40 m.","Shri Narendra Modi","VARANASI","Images","13-Jan-2026","83072"
"128","Normal/Others","WS/MP490/2024-2025/187544-Construction of roads, link roads, pathways or any other road with or without drainage system","Uttar Pradesh","VARANASI(DISTRICT MAGISTRAE VARANASI_IDA)","CC Road work in Gram Sabha Faridpur from Jafrabad main road and Dilip Guptas house to Harsh Singhs house. Length 70 m.","Shri Narendra Modi","VARANASI","Images","13-Jan-2026","507754"
"129","Normal/Others","WS/MP490/2024-2025/187261-Construction of roads, link roads, pathways or any other road with or without drainage system","Uttar Pradesh","VARANASI(DISTRICT MAGISTRAE VARANASI_IDA)","Interlocking work in Sirgovardhan ward no. 23  from Dafi Shiv Mandir to Vijay Yadavs house. Length 92 m.","Shri Narendra Modi","VARANASI","Images","19-Jan-2026","371346"
"130","Normal/Others","WS/MP490/2024-2025/187482-Construction of roads, link roads, pathways or any other road with or without drainage system","Uttar Pradesh","VARANASI(DISTRICT MAGISTRAE VARANASI_IDA)","Interlocking in Gram  Ayodhyapur from Sirsa Link Road to Prem Masters house. Length 125 m.","Shri Narendra Modi","VARANASI","Images","13-Jan-2026","783992"
"131","Normal/Others","WS/MP490/2024-2025/187535-Construction of roads, link roads, pathways or any other road with or without drainage system","Uttar Pradesh","VARANASI(DISTRICT MAGISTRAE VARANASI_IDA)","Interlocking work in Bhadav village from Prakash Malis house to Ram Chandra mali. Length 135 m.","Shri Narendra Modi","VARANASI","Images","14-Jan-2026","807710"
"132","Normal/Others","WS/MP490/2024-2025/187252-Construction of roads, link roads, pathways or any other road with or without drainage system","Uttar Pradesh","VARANASI(DISTRICT MAGISTRAE VARANASI_IDA)","Interlocking work in Karoundi ward no. 33 from Dinesh Patels house in Karaudi to Hiralals house. Length 26.50 m.","Shri Narendra Modi","VARANASI","Images","14-Jan-2026","83426"
"133","Normal/Others","WS/MP490/2024-2025/187253-Construction of roads, link roads, pathways or any other road with or without drainage system","Uttar Pradesh","VARANASI(DISTRICT MAGISTRAE VARANASI_IDA)","Interlocking work in Karoundi ward no. 33 from Sunil Patels house in Karaudi to Neeraj Mohan Walas house.Length 83 m.","Shri Narendra Modi","VARANASI","Images","14-Jan-2026","231398"
"134","Normal/Others","WS/MP490/2024-2025/187235-Construction of roads, link roads, pathways or any other road with or without drainage system","Uttar Pradesh","VARANASI(DISTRICT MAGISTRAE VARANASI_IDA)","Interlocking work in Kakarmatta ward no. 38 from  Shivmurat Vermas house in Jalalipatti to Kripa Shankar Dixits house. Length 52 m.","Shri Narendra Modi","VARANASI","Images","14-Jan-2026","170864"
"135","Normal/Others","WS/MP490/2024-2025/187515-Construction of roads, link roads, pathways or any other road with or without drainage system","Uttar Pradesh","VARANASI(DISTRICT MAGISTRAE VARANASI_IDA)","Interlocking work in Bankat Gram from Bachcha Lal Pyare Lal Patel to Ajay Mishras house. Length 370 m.","Shri Narendra Modi","VARANASI","Images","14-Jan-2026","1722918"
"136","Normal/Others","WS/MP490/2024-2025/187462-Construction of roads, link roads, pathways or any other road with or without drainage system","Uttar Pradesh","VARANASI(DISTRICT MAGISTRAE VARANASI_IDA)","Lane work in Koniya ward no. 68 from Shri Aalu Pal Jis residence to Shri Kallu Vishwakarma Jis residence. Length 28 m","Shri Narendra Modi","VARANASI","Images","14-Jan-2026","81302"
"137","Normal/Others","WS/MP490/2024-2025/187460-Construction of roads, link roads, pathways or any other road with or without drainage system","Uttar Pradesh","VARANASI(DISTRICT MAGISTRAE VARANASI_IDA)","Pitch Road work in Koniya ward no. 68 From GT Road Balu Mandi Bhadau to Palang Shahid Road. Length 118 m","Shri Narendra Modi","VARANASI","Images","19-Jan-2026","648292"
"138","Normal/Others","WS/MP490/2024-2025/187440-Construction of roads, link roads, pathways or any other road with or without drainage system","Uttar Pradesh","VARANASI(DISTRICT MAGISTRAE VARANASI_IDA)","Interlocking and sewer work in Ward No. 37 Daniyalpur Varanasi, in the house of Subhash Sonkar SA 22-168. Length 38.50 m","Shri Narendra Modi","VARANASI","Images","19-Jan-2026","259246"
"139","Normal/Others","WS/MP490/2024-2025/187449-Construction of roads, link roads, pathways or any other road with or without drainage system","Uttar Pradesh","VARANASI(DISTRICT MAGISTRAE VARANASI_IDA)","Interlocking work in Daniyalpur Ward No. 37 From Nagina house no. 22-1 to Manoj Chauhan plot 19-100, length 63.80 m","Shri Narendra Modi","VARANASI","Images","19-Jan-2026","214524"
"140","Normal/Others","WS/MP490/2025-2026/241009-Construction of roads, link roads, pathways or any other road with or without drainage system","Uttar Pradesh","VARANASI(DISTRICT MAGISTRAE VARANASI_IDA)","Narayanpur Ward No 31 Shanti Bihar Colony Central Jail Road Interlocking work from P Ram house to Janaki Devis house Length 26 m","Shri Narendra Modi","VARANASI","Images","12-Mar-2026","66434"
"141","Normal/Others","WS/MP490/2025-2026/241008-Construction of roads, link roads, pathways or any other road with or without drainage system","Uttar Pradesh","VARANASI(DISTRICT MAGISTRAE VARANASI_IDA)","Sarsouli Ward No 16 Sharda Bihar Colony Mirapur Basahi Interlocking work from Kanchan Srivastava house to Jitendra Sonkar house Length 138 m","Shri Narendra Modi","VARANASI","Images","17-Mar-2026","686996"
"142","Normal/Others","WS/MP490/2024-2025/187453-Providing supply pipelines for drinking water","Uttar Pradesh","VARANASI(DISTRICT MAGISTRAE VARANASI_IDA)","Water pipeline, sewer and new stone in Ishwargangi ward no. 73 in the lane from K 57-4 Navapura to K57-16. Length 99.50 m","Shri Narendra Modi","VARANASI","Images","18-Apr-2026","243198"
"143","Normal/Others","WS/MP490/2025-2026/241128-Construction of roads, link roads, pathways or any other road with or without drainage system","Uttar Pradesh","VARANASI(DISTRICT MAGISTRAE VARANASI_IDA)","Ward No 40 Chetganj Interlocking work from C 423 to C 4265 Length 60m","Shri Narendra Modi","VARANASI","Images","18-Apr-2026","269866"
"144","Normal/Others","WS/MP490/2025-2026/240969-Construction of roads, link roads, pathways or any other road with or without drainage system","Uttar Pradesh","VARANASI(DISTRICT MAGISTRAE VARANASI_IDA)","Interlocking work in Ward No 92 Lallapura Kala from Hanuman Temple to HNo C15255 Ahmed house Length 65 m","Shri Narendra Modi","VARANASI","Images","18-Apr-2026","202134"
"145","Normal/Others","WS/MP490/2025-2026/241127-Construction of roads, link roads, pathways or any other road with or without drainage system","Uttar Pradesh","VARANASI(DISTRICT MAGISTRAE VARANASI_IDA)","Chetganj Ward No 40 C 4288 In closed lane in the lane of interlocking Usha Machinery Length 68 m","Shri Narendra Modi","VARANASI","Images","12-Aug-2026","359900"
"146","Normal/Others","WS/MP490/2025-2026/241162-Construction of roads, link roads, pathways or any other road with or without drainage system","Uttar Pradesh","VARANASI(DISTRICT MAGISTRAE VARANASI_IDA)","Interlocking work from Mithilesh house to Durga Mata Mandir in Sirsa Block Kashi Vidyapeeth village Length 53 m","Shri Narendra Modi","VARANASI","Images","05-May-2026","260308"
"147","Normal/Others","WS/MP490/2025-2026/241159-Construction of roads, link roads, pathways or any other road with or without drainage system","Uttar Pradesh","VARANASI(DISTRICT MAGISTRAE VARANASI_IDA)","Interlocking work from Gram Sabha Sirsa Block Kashi Vidyapeeth Ayodhyapur link road to ancient temple Length 170 m","Shri Narendra Modi","VARANASI","Images","05-May-2026","922406"
"148","Normal/Others","WS/MP490/2025-2026/241160-Construction of roads, link roads, pathways or any other road with or without drainage system","Uttar Pradesh","VARANASI(DISTRICT MAGISTRAE VARANASI_IDA)","Interlocking work from Rakesh Tripathi to Maya Gond house in Lohrapur Block Kashi Vidyapeeth village Length 190 m","Shri Narendra Modi","VARANASI","Images","07-May-2026","610532"
"149","Normal/Others","WS/MP490/2025-2026/240970-Construction of roads, link roads, pathways or any other road with or without drainage system","Uttar Pradesh","VARANASI(DISTRICT MAGISTRAE VARANASI_IDA)","Interlocking work from Harendra Rai house to Ashok Yadav house in old Ramnagar ward no 65 Kodopur Length 93 m","Shri Narendra Modi","VARANASI","Images","07-May-2026","598968"
"150","Normal/Others","WS/MP490/2025-2026/241248-Construction of roads, link roads, pathways or any other road with or without drainage system","Uttar Pradesh","VARANASI(DISTRICT MAGISTRAE VARANASI_IDA)","Construction work of CC road from Thakur Prasad house to Minnu Rajbhar house in village Khulaspur Block Kashi Vidyapeeth Length 70 m","Shri Narendra Modi","VARANASI","Images","14-May-2026","594838"
"151","Normal/Others","WS/MP490/2025-2026/241163-Construction of roads, link roads, pathways or any other road with or without drainage system","Uttar Pradesh","VARANASI(DISTRICT MAGISTRAE VARANASI_IDA)","Interlocking work from Rajendra Mishra house to Kallu ji house in Village Sabha Sihorwa Block Kashi Vidyapeeth Length 150 m","Shri Narendra Modi","VARANASI","Images","14-May-2026","938100"
"152","Normal/Others","WS/MP490/2025-2026/241221-Construction of roads, link roads, pathways or any other road with or without drainage system","Uttar Pradesh","VARANASI(DISTRICT MAGISTRAE VARANASI_IDA)","Interlocking work from Village Sabha Samaipur Link Road to Piyajus house in Village Sabha Madav Block Kashi Vidyapeeth Length 69 m","Shri Narendra Modi","VARANASI","Images","06-Aug-2026","489818"
"153","Normal/Others","WS/MP490/2025-2026/241161-Construction of roads, link roads, pathways or any other road with or without drainage system","Uttar Pradesh","VARANASI(DISTRICT MAGISTRAE VARANASI_IDA)","Interlocking work from Chaura Mata Mandir link road to Mangala Vishwakarma house in Sarhari Block Kashi Vidyapeeth village Length 170 m","Shri Narendra Modi","VARANASI","Images","21-Jul-2026",""
"154","Normal/Others","WS/MP490/2025-2026/241247-Construction of roads, link roads, pathways or any other road with or without drainage system","Uttar Pradesh","VARANASI(DISTRICT MAGISTRAE VARANASI_IDA)","Interlocking work from Ramesh Sharma house to Atul Rais house in Ward No 4 Gram Sabha Shivdaspur Length 68 m","Shri Narendra Modi","VARANASI","Images","18-Jul-2026","313526"
"155","Normal/Others","WS/MP490/2025-2026/241164-Construction of roads, link roads, pathways or any other road with or without drainage system","Uttar Pradesh","VARANASI(DISTRICT MAGISTRAE VARANASI_IDA)","Interlocking work from Chaura Mata Temple to Pradhan Gopal jis house in Village Lakhmipur Block Kashi Vidyapeeth Length 100 m","Shri Narendra Modi","VARANASI","Images","06-Aug-2026","566872"
"156","Normal/Others","WS/MP490/2025-2026/241133-Construction of roads, link roads, pathways or any other road with or without drainage system","Uttar Pradesh","VARANASI(DISTRICT MAGISTRAE VARANASI_IDA)","Interlocking work from Shobhnath Vishwakarma house to Chandan Kumar house in Suswahi Ward No 39 Length 42 m","Shri Narendra Modi","VARANASI","Images","19-Jul-2026","176528"
"157","Normal/Others","WS/MP490/2025-2026/241130-Construction of roads, link roads, pathways or any other road with or without drainage system","Uttar Pradesh","VARANASI(DISTRICT MAGISTRAE VARANASI_IDA)","Interlocking work from Ganesh Bhartiya house to Angad Patels land in Sujabad Ward No 48 Domri Length 70 m","Shri Narendra Modi","VARANASI","Images","25-Jul-2026","374296"
"158","Normal/Others","WS/MP490/2025-2026/241129-Construction of roads, link roads, pathways or any other road with or without drainage system","Uttar Pradesh","VARANASI(DISTRICT MAGISTRAE VARANASI_IDA)","Interlocking work from Santosh Kannaujiya house to Rohit Kumar house in Sujabad Ward No 48 Domri Length 28 m","Shri Narendra Modi","VARANASI","Images","25-Jul-2026","162486"
"159","Normal/Others","WS/MP490/2025-2026/241010-Construction of roads, link roads, pathways or any other road with or without drainage system","Uttar Pradesh","VARANASI(DISTRICT MAGISTRAE VARANASI_IDA)","Shivpur Ward No 9 Bhairav Nagar Colony Interlocking work from Jai Narayan Singh house to Sundar Villa S412933 Length 55m","Shri Narendra Modi","VARANASI","Images","09-Aug-2026","443326"
"160","Normal/Others","WS/MP490/2025-2026/241037-Construction of roads, link roads, pathways or any other road with or without drainage system","Uttar Pradesh","VARANASI(DISTRICT MAGISTRAE VARANASI_IDA)","Sikraul Chowka resetting work from Umanath MNo SH 192 Bhim Nagar to Manoj Kumar MNo SH 1910 Length 45 m","Shri Narendra Modi","VARANASI","Images","30-Jul-2026","103604"
"161","Normal/Others","WS/MP490/2025-2026/240966-Providing drains and gutters for public drainage","Uttar Pradesh","VARANASI(DISTRICT MAGISTRAE VARANASI_IDA)","Sewer and interlocking work from Ramashankar Srivastava house to Vikram Chauhan house Length 117 m","Shri Narendra Modi","VARANASI","Images","26-Jul-2026","383500"
"162","Normal/Others","WS/MP490/2025-2026/241235-Construction of roads, link roads, pathways or any other road with or without drainage system","Uttar Pradesh","VARANASI(DISTRICT MAGISTRAE VARANASI_IDA)","Interlocking work from Chunar Road to Amitesh Tiwari house in Gram Sabha Akhri Block Kashi Vidyapeeth Length 96 m","Shri Narendra Modi","VARANASI","Images","24-Jul-2026","978928"
"163","Normal/Others","WS/MP490/2025-2026/241158-Construction of roads, link roads, pathways or any other road with or without drainage system","Uttar Pradesh","VARANASI(DISTRICT MAGISTRAE VARANASI_IDA)","Interlocking work from Babu Vanvasi house to Devvani Mahila Vidyalaya in Gram Sabha Lakhmipur Block Kashi Vidyapeeth Length 115 m","Shri Narendra Modi","VARANASI","Images","06-Aug-2026","620444"
"164","Normal/Others","WS/MP490/2025-2026/241239-Construction of roads, link roads, pathways or any other road with or without drainage system","Uttar Pradesh","VARANASI(DISTRICT MAGISTRAE VARANASI_IDA)","Interlocking work from interlocking road to Jatashankar Singh house in village Jagardeopur Block Arazilines Length 48 m","Shri Narendra Modi","VARANASI","Images","07-Aug-2026","230926"
"165","Normal/Others","WS/MP490/2025-2026/241241-Construction of roads, link roads, pathways or any other road with or without drainage system","Uttar Pradesh","VARANASI(DISTRICT MAGISTRAE VARANASI_IDA)","Interlocking work from Rakesh Keshari house to America Singhs house in Gram Sabha Lathia Block Kashi Vidyapeeth Length 200 m","Shri Narendra Modi","VARANASI","Images","25-Jul-2026","857034"
"166","Normal/Others","WS/MP490/2025-2026/241131-Construction of roads, link roads, pathways or any other road with or without drainage system","Uttar Pradesh","VARANASI(DISTRICT MAGISTRAE VARANASI_IDA)","Interlocking work from Manoj Paswan house to Bhusi house in Sujabad Ward No 48 Domri Length 62 m","Shri Narendra Modi","VARANASI","Images","25-Jul-2026","181130"
"167","Normal/Others","WS/MP490/2025-2026/240972-Providing drains and gutters for public drainage","Uttar Pradesh","VARANASI(DISTRICT MAGISTRAE VARANASI_IDA)","Sewer work from Vijay Kumar Yadav house in New Colony to Shri Ramdhani Bharti house in Bhiti Block Kashi Vidyapeeth Length 157 m","Shri Narendra Modi","VARANASI","Images","26-Jul-2026","510350"
"168","Normal/Others","WS/MP490/2025-2026/241036-Construction of roads, link roads, pathways or any other road with or without drainage system","Uttar Pradesh","VARANASI(DISTRICT MAGISTRAE VARANASI_IDA)","Drainage and connecting road work from before RBS Academy to Vikas Pratap Singh house in Ramrepur Ward No 59 Bhakti Nagar Colony Length 76 m","Shri Narendra Modi","VARANASI","Images","11-Aug-2026","640858"
"169","Normal/Others","WS/MP490/2025-2026/241157-Construction of roads, link roads, pathways or any other road with or without drainage system","Uttar Pradesh","VARANASI(DISTRICT MAGISTRAE VARANASI_IDA)","Interlocking work from Rakesh Seth house to Dhruv Dada house in Kandwa Ward No 19 Shivaji Nagar Colony Length 81 m","Shri Narendra Modi","VARANASI","Images","05-Aug-2026","697616"
"170","Normal/Others","WS/MP490/2025-2026/241246-Construction of roads, link roads, pathways or any other road with or without drainage system","Uttar Pradesh","VARANASI(DISTRICT MAGISTRAE VARANASI_IDA)","Interlocking work from Rajesh Mistry house to Anil Patels house in Gram Sabha Bairwan Block Kashi Vidyapeeth Length 48 m","Shri Narendra Modi","VARANASI","Images","17-Aug-2026","129800"
"171","Normal/Others","WS/MP490/2025-2026/241032-Construction of roads, link roads, pathways or any other road with or without drainage system","Uttar Pradesh","VARANASI(DISTRICT MAGISTRAE VARANASI_IDA)","Akatha Ward No 41 Srinagar Colony Akatha Pahadia HNo 622 SRD up to Vashisht ji Maharaj house and HNo 62S11S1 interlocking work up to Smriti Shilpa Chatterjee wife Gautam Diwakar Shyam Kartik Choubey house L 100 m","Shri Narendra Modi","VARANASI","Images","12-Aug-2026","831192"
"172","Normal/Others","WS/MP490/2025-2026/240967-Construction of roads, link roads, pathways or any other road with or without drainage system","Uttar Pradesh","VARANASI(DISTRICT MAGISTRAE VARANASI_IDA)","Interlocking Work from Gulab Singh Yadav house to Kailash Prasad Saroj Length 170 m","Shri Narendra Modi","VARANASI","Images","07-Aug-2026","898570"
"173","Normal/Others","WS/MP490/2025-2026/241236-Construction of roads, link roads, pathways or any other road with or without drainage system","Uttar Pradesh","VARANASI(DISTRICT MAGISTRAE VARANASI_IDA)","Interlocking work from Rajendra Prasad Harijan house to Nandlal Upadhyay garden in Gram Sabha Milkichak Block Arazilines Length 95 m","Shri Narendra Modi","VARANASI","Images","10-Aug-2026","551178"
"174","Normal/Others","WS/MP490/2025-2026/241136-Construction of roads, link roads, pathways or any other road with or without drainage system","Uttar Pradesh","VARANASI(DISTRICT MAGISTRAE VARANASI_IDA)","Interlocking work from Anil house to Shailendra Soni house near Satti Mata Mundir in Kandwa Ward No 19 Awaleshpur Length 32 m","Shri Narendra Modi","VARANASI","Images","11-Aug-2026","327450"
"175","Normal/Others","WS/MP490/2025-2026/241135-Construction of roads, link roads, pathways or any other road with or without drainage system","Uttar Pradesh","VARANASI(DISTRICT MAGISTRAE VARANASI_IDA)","Interlocking work from Bandhu Upadhyay house to Nagendra Singh house in Kadwa Ward No 19 Surabhi Nagar Awaleshpur Length 34 m","Shri Narendra Modi","VARANASI","Images","11-Aug-2026","300428"
"176","Normal/Others","WS/MP490/2025-2026/240971-Construction of roads, link roads, pathways or any other road with or without drainage system","Uttar Pradesh","VARANASI(DISTRICT MAGISTRAE VARANASI_IDA)","Road construction work from near Swami Vivekanand School to Ram Janaki Temple in Golaghat Ward No12 Ramnagar Length 125 m","Shri Narendra Modi","VARANASI","Images","12-Aug-2026","512474"
"177","Normal/Others","WS/MP490/2025-2026/241251-Construction of roads, link roads, pathways or any other road with or without drainage system","Uttar Pradesh","VARANASI(DISTRICT MAGISTRAE VARANASI_IDA)","Interlocking work from Chekhuri Patels house to Inspector Rajbhars house in Village Daudpur Block Kashi Vidyapeeth Length 105 m","Shri Narendra Modi","VARANASI","Images","17-Aug-2026","480142"
"178","Normal/Others","WS/MP490/2025-2026/241035-Construction of roads, link roads, pathways or any other road with or without drainage system","Uttar Pradesh","VARANASI(DISTRICT MAGISTRAE VARANASI_IDA)","Pahadiya Ward No 46 Sarnath Interlocking work from Dilip Prajapati HNo 17264 to Virendra Yadav HNo 17265 Length 154m","Shri Narendra Modi","VARANASI","Images","13-Aug-2026","410876"
"179","Normal/Others","WS/MP490/2025-2026/241015-Construction of roads, link roads, pathways or any other road with or without drainage system","Uttar Pradesh","VARANASI(DISTRICT MAGISTRAE VARANASI_IDA)","Ward No 60 Alipura sewer and interlocking work from Rajendra Sonkar house 33581 to Bablu Sonkar house Length 53 m","Shri Narendra Modi","VARANASI","Images","17-Aug-2026","196942"
"180","Normal/Others","WS/MP490/2025-2026/241155-Construction of roads, link roads, pathways or any other road with or without drainage system","Uttar Pradesh","VARANASI(DISTRICT MAGISTRAE VARANASI_IDA)","Interlocking work from Harihar Gaud house to Shyam Sundar house in Sujabad ward no 48 Domri Length 32 m","Shri Narendra Modi","VARANASI","Images","14-Aug-2026","287212"
"181","Normal/Others","WS/MP490/2025-2026/241242-Construction of roads, link roads, pathways or any other road with or without drainage system","Uttar Pradesh","VARANASI(DISTRICT MAGISTRAE VARANASI_IDA)","Interlocking work from government pavement to Dr Rajmohan Patel house in village Maniyaripur Block Kashi Vidyapeeth Length 40 m","Shri Narendra Modi","VARANASI","Images","17-Aug-2026","205674"
"182","Normal/Others","WS/MP490/2025-2026/241132-Construction of roads, link roads, pathways or any other road with or without drainage system","Uttar Pradesh","VARANASI(DISTRICT MAGISTRAE VARANASI_IDA)","Interlocking work from Akhilesh Upadhyay house to Ranjan Singh house in Sirgovardhanpur Ward No 23 Bajrangnagar Colony Length 71 m","Shri Narendra Modi","VARANASI","Images","14-Aug-2026","797444"
"183","Normal/Others","WS/MP490/2025-2026/241224-Construction of roads, link roads, pathways or any other road with or without drainage system","Uttar Pradesh","VARANASI(DISTRICT MAGISTRAE VARANASI_IDA)","Interlocking work from Gas Godown to Shivprakash Choubeys house in Chittauni Block Kashi Vidyapeeth village Length 205 m","Shri Narendra Modi","VARANASI","Images","12-Aug-2026","880398"
"184","Normal/Others","WS/MP490/2025-2026/241223-Construction of roads, link roads, pathways or any other road with or without drainage system","Uttar Pradesh","VARANASI(DISTRICT MAGISTRAE VARANASI_IDA)","Interlocking work from village Madav block Kashi Vidyapeeth Kaparforvan road to Ram Manohar Masters house Length 115 m","Shri Narendra Modi","VARANASI","Images","12-Aug-2026","738562"
"185","Normal/Others","WS/MP490/2025-2026/241137-Construction of roads, link roads, pathways or any other road with or without drainage system","Uttar Pradesh","VARANASI(DISTRICT MAGISTRAE VARANASI_IDA)","Interlocking work from Devvrat house to Mala Maurya house in Kandwa Ward No19 Surabhi Nagar on main road Length 34 m","Shri Narendra Modi","VARANASI","Images","13-Aug-2026","167914"
"186","Normal/Others","WS/MP490/2025-2026/241134-Construction of roads, link roads, pathways or any other road with or without drainage system","Uttar Pradesh","VARANASI(DISTRICT MAGISTRAE VARANASI_IDA)","Interlocking work from Aliyar Prasad house to Ramdular house in Karaudi Ward No 33 Nasirpur Length 75 m","Shri Narendra Modi","VARANASI","Images","18-Aug-2026","194110"
"187","Normal/Others","WS/MP490/2025-2026/241011-Construction of roads, link roads, pathways or any other road with or without drainage system","Uttar Pradesh","VARANASI(DISTRICT MAGISTRAE VARANASI_IDA)","Shivpur Ward No 9 Kundan Nagar Colony Interlocking work from Pankaj Upadhyay house S1657 to Gaurishankar Gupta house Length 63 m","Shri Narendra Modi","VARANASI","Images","18-Aug-2026","798152"
"188","Normal/Others","WS/MP490/2025-2026/241240-Construction of roads, link roads, pathways or any other road with or without drainage system","Uttar Pradesh","VARANASI(DISTRICT MAGISTRAE VARANASI_IDA)","Interlocking work from block Kashi Vidyapeeth village Tikri main road to Swami Vitarganand Bharti Shishu Mandir Length 163 m","Shri Narendra Modi","VARANASI","Images","14-Aug-2026","950372"
"189","Normal/Others","WS/MP490/2025-2026/241233-Construction of roads, link roads, pathways or any other road with or without drainage system","Uttar Pradesh","VARANASI(DISTRICT MAGISTRAE VARANASI_IDA)","Interlocking work from Pintu Pradhan house to La Singh house in Gram Sabha Jagardeopur Block Arazilines Length 90 m","Shri Narendra Modi","VARANASI","Images","17-Aug-2026","448400"
"190","Normal/Others","WS/MP490/2025-2026/241245-Construction of roads, link roads, pathways or any other road with or without drainage system","Uttar Pradesh","VARANASI(DISTRICT MAGISTRAE VARANASI_IDA)","Interlocking work from Chak Road near Lalji to Madan house in Gram Sabha Dhanpalpur Block Kashi Vidyapeeth Length 83 m","Shri Narendra Modi","VARANASI","Images","17-Aug-2026","293820"
"191","Normal/Others","WS/MP490/2025-2026/241244-Construction of roads, link roads, pathways or any other road with or without drainage system","Uttar Pradesh","VARANASI(DISTRICT MAGISTRAE VARANASI_IDA)","Interlocking work from Mahatma Gandhi School to Ranjit Kharwars house in ward no 4 village Shivdaspur Length 93 m","Shri Narendra Modi","VARANASI","Images","17-Aug-2026","246030"
"192","Normal/Others","WS/MP490/2025-2026/240968-Construction of roads, link roads, pathways or any other road with or without drainage system","Uttar Pradesh","VARANASI(DISTRICT MAGISTRAE VARANASI_IDA)","Interlocking work in Sigara Ward No 53 from HNo D59103D5KH Shri Naveen Khanna ji to HNo D59103N Shri Rajiv Mishra ji house in Sigara Length 77 m","Shri Narendra Modi","VARANASI","Images","14-Aug-2026","704106"
"193","Normal/Others","WS/MP490/2025-2026/241237-Construction of roads, link roads, pathways or any other road with or without drainage system","Uttar Pradesh","VARANASI(DISTRICT MAGISTRAE VARANASI_IDA)","Interlocking work from Pandit ji gate to Devan house in Gram Milkichak Block Arazilines Length 45 m","Shri Narendra Modi","VARANASI","Images","22-Aug-2026","231634"
"194","Normal/Others","WS/MP490/2025-2026/241234-Construction of roads, link roads, pathways or any other road with or without drainage system","Uttar Pradesh","VARANASI(DISTRICT MAGISTRAE VARANASI_IDA)","Interlocking work from Gram Sabha Tarapur main road to Ramsajivan house in Gram Sabha Akhri Block Kashi Vidyapeeth Length 72 m","Shri Narendra Modi","VARANASI","Images","26-Aug-2026","299838"
"Grand Total"," "," "," "," "," "," "," "," "," ","8,91,19,541"